"refsnp_id","chr_name","chrom_start","chrom_end","chrom_strand","left","right"
"rs2245116","1",47645846,47645846,1,47595846,47695846
"rs977747","1",47684677,47684677,1,47634677,47734677
"rs3738309","1",48869288,48869288,1,48819288,48919288
"rs657452","1",49589847,49589847,1,49539847,49639847
"rs6688605","1",50544749,50544749,1,50494749,50594749
"rs11583200","1",50559820,50559820,1,50509820,50609820
"rs1018670","1",50637554,50637554,1,50587554,50687554
"rs10128001","1",71544839,71544839,1,71494839,71594839
"rs3101336","1",72751185,72751185,1,72701185,72801185
"rs2815752","1",72812440,72812440,1,72762440,72862440
"rs290699","1",72878167,72878167,1,72828167,72928167
"rs1384883","1",74501477,74501477,1,74451477,74551477
"rs487917","1",74668896,74668896,1,74618896,74718896
"rs1514175","1",74991644,74991644,1,74941644,75041644
"rs12401738","1",78446761,78446761,1,78396761,78496761
"rs4130548","1",78463868,78463868,1,78413868,78513868
"rs6666647","1",78580790,78580790,1,78530790,78630790
"rs1555543","1",96944797,96944797,1,96894797,96994797
"rs291593","1",97543752,97543752,1,97493752,97593752
"rs1042482","1",97543959,97543959,1,97493959,97593959
"rs559479","1",110138536,110138536,1,110088536,110188536
"rs543874","1",177889480,177889480,1,177839480,177939480
"rs2820292","1",201784287,201784287,1,201734287,201834287
"rs2820312","1",201869257,201869257,1,201819257,201919257
"rs1390397","1",201891357,201891357,1,201841357,201941357
"rs718718","10",87215637,87215637,1,87165637,87265637
"rs7899106","10",87410904,87410904,1,87360904,87460904
"rs10887619","10",88263229,88263229,1,88213229,88313229
"rs17094222","10",102395440,102395440,1,102345440,102445440
"rs943036","10",104836047,104836047,1,104786047,104886047
"rs11191560","10",104869038,104869038,1,104819038,104919038
"rs2277205","10",114206683,114206683,1,114156683,114256683
"rs1022907","10",114394794,114394794,1,114344794,114444794
"rs7903146","10",114758349,114758349,1,114708349,114808349
"rs110419","11",8252853,8252853,1,8202853,8302853
"rs725502","11",8503743,8503743,1,8453743,8553743
"rs4929949","11",8604593,8604593,1,8554593,8654593
"rs1128559","11",8637191,8637191,1,8587191,8687191
"rs4256980","11",8673939,8673939,1,8623939,8723939
"rs905290","11",8753729,8753729,1,8703729,8803729
"rs879048","11",27638934,27638934,1,27588934,27688934
"rs4074134","11",27647285,27647285,1,27597285,27697285
"rs10767664","11",27725986,27725986,1,27675986,27775986
"rs6485438","11",43686618,43686618,1,43636618,43736618
"rs2176598","11",43864278,43864278,1,43814278,43914278
"rs3817334","11",47650993,47650993,1,47600993,47700993
"rs226124","11",110710408,110710408,1,110660408,110760408
"rs12286929","11",115022404,115022404,1,114972404,115072404
"rs7134749","12",50237637,50237637,1,50187637,50287637
"rs7138803","12",50247468,50247468,1,50197468,50297468
"rs907482","12",122747023,122747023,1,122697023,122797023
"rs11057405","12",122781897,122781897,1,122731897,122831897
"rs12812332","12",122938768,122938768,1,122888768,122988768
"rs3129606","13",22573373,22573373,1,22523373,22623373
"rs7323","13",28009031,28009031,1,27959031,28059031
"rs4771122","13",28020180,28020180,1,27970180,28070180
"rs9540493","13",66205704,66205704,1,66155704,66255704
"rs1441264","13",79580919,79580919,1,79530919,79630919
"rs10132280","14",25928179,25928179,1,25878179,25978179
"rs12886628","14",29490300,29490300,1,29440300,29540300
"rs1157228","14",29530609,29530609,1,29480609,29580609
"rs12885454","14",29736838,29736838,1,29686838,29786838
"rs11847697","14",30515112,30515112,1,30465112,30565112
"rs9323656","14",78324570,78324570,1,78274570,78374570
"rs2287652","14",78397448,78397448,1,78347448,78447448
"rs1875597","14",79557735,79557735,1,79507735,79607735
"rs7141420","14",79899454,79899454,1,79849454,79949454
"rs1426654","15",48426484,48426484,1,48376484,48476484
"rs2445765","15",51634898,51634898,1,51584898,51684898
"rs3736485","15",51748610,51748610,1,51698610,51798610
"rs6494654","15",67681907,67681907,1,67631907,67731907
"rs2241423","15",68086838,68086838,1,68036838,68136838
"rs922493","15",68110748,68110748,1,68060748,68160748
"rs7497457","15",68132723,68132723,1,68082723,68182723
"rs7164727","15",73093991,73093991,1,73043991,73143991
"rs758747","16",3627358,3627358,1,3577358,3677358
"rs10852636","16",3676310,3676310,1,3626310,3726310
"rs3751845","16",3778337,3778337,1,3728337,3828337
"rs2074036","16",19725561,19725561,1,19675561,19775561
"rs12444979","16",19933600,19933600,1,19883600,19983600
"rs12597579","16",20257867,20257867,1,20207867,20307867
"rs13335818","16",20359831,20359831,1,20309831,20409831
"rs12446492","16",20408377,20408377,1,20358377,20458377
"rs189969","16",28130966,28130966,1,28080966,28180966
"rs2650492","16",28333411,28333411,1,28283411,28383411
"rs7359397","16",28885659,28885659,1,28835659,28935659
"rs3888190","16",28889486,28889486,1,28839486,28939486
"rs6565259","16",28898793,28898793,1,28848793,28948793
"rs12596913","16",28909622,28909622,1,28859622,28959622
"rs2904880","16",28944396,28944396,1,28894396,28994396
"rs4583255","16",29988941,29988941,1,29938941,30038941
"rs4787491","16",30015337,30015337,1,29965337,30065337
"rs9925964","16",31129895,31129895,1,31079895,31179895
"rs17855606","16",31142271,31142271,1,31092271,31192271
"rs2080454","16",49062590,49062590,1,49012590,49112590
"rs2111119","16",53671754,53671754,1,53621754,53721754
"rs2302677","16",53682949,53682949,1,53632949,53732949
"rs1421085","16",53800954,53800954,1,53750954,53850954
"rs1558902","16",53803574,53803574,1,53753574,53853574
"rs9939609","16",53820527,53820527,1,53770527,53870527
"rs187282","16",89758973,89758973,1,89708973,89808973
"rs9914578","17",2005136,2005136,1,1955136,2055136
"rs391300","17",2216258,2216258,1,2166258,2266258
"rs2585283","17",5089831,5089831,1,5039831,5139831
"rs1000940","17",5283252,5283252,1,5233252,5333252
"rs4075160","17",78399050,78399050,1,78349050,78449050
"rs12940622","17",78615571,78615571,1,78565571,78665571
"rs3829572","17",78820212,78820212,1,78770212,78870212
"rs4800148","18",20724328,20724328,1,20674328,20774328
"rs1808579","18",21104888,21104888,1,21054888,21154888
"rs7239883","18",40147671,40147671,1,40097671,40197671
"rs816752","18",40852999,40852999,1,40802999,40902999
"rs3814887","18",47019276,47019276,1,46969276,47069276
"rs7243357","18",56883319,56883319,1,56833319,56933319
"rs571312","18",57839769,57839769,1,57789769,57889769
"rs1035364","19",18428880,18428880,1,18378880,18478880
"rs17724992","19",18454825,18454825,1,18404825,18504825
"rs1058587","19",18499422,18499422,1,18449422,18549422
"rs29941","19",34309532,34309532,1,34259532,34359532
"rs2075650","19",45395619,45395619,1,45345619,45445619
"rs429358","19",45411941,45411941,1,45361941,45461941
"rs1029846","19",46149618,46149618,1,46099618,46199618
"rs2287019","19",46202172,46202172,1,46152172,46252172
"rs1477340","19",47529740,47529740,1,47479740,47579740
"rs3810291","19",47569003,47569003,1,47519003,47619003
"rs2867125","2",622827,622827,1,572827,672827
"rs13021737","2",632348,632348,1,582348,682348
"rs2278483","2",25040082,25040082,1,24990082,25090082
"rs10182181","2",25150296,25150296,1,25100296,25200296
"rs713586","2",25158008,25158008,1,25108008,25208008
"rs754536","2",25176200,25176200,1,25126200,25226200
"rs744539","2",26804122,26804122,1,26754122,26854122
"rs11126666","2",26928811,26928811,1,26878811,26978811
"rs828259","2",26990507,26990507,1,26940507,27040507
"rs1518395","2",58208074,58208074,1,58158074,58258074
"rs2312147","2",58222928,58222928,1,58172928,58272928
"rs887912","2",59302877,59302877,1,59252877,59352877
"rs11688816","2",63053048,63053048,1,63003048,63103048
"rs17657580","2",63257183,63257183,1,63207183,63307183
"rs13003204","2",125509131,125509131,1,125459131,125559131
"rs2322659","2",136555659,136555659,1,136505659,136605659
"rs2236783","2",136594158,136594158,1,136544158,136644158
"rs4988235","2",136608646,136608646,1,136558646,136658646
"rs1485845","2",141346007,141346007,1,141296007,141396007
"rs2890652","2",142959931,142959931,1,142909931,143009931
"rs2121279","2",143043285,143043285,1,142993285,143093285
"rs1460676","2",164567689,164567689,1,164517689,164617689
"rs1528435","2",181550962,181550962,1,181500962,181600962
"rs17203016","2",208255518,208255518,1,208205518,208305518
"rs7599312","2",213413231,213413231,1,213363231,213463231
"rs4674305","2",219293326,219293326,1,219243326,219343326
"rs492400","2",219349752,219349752,1,219299752,219399752
"rs2176040","2",227092802,227092802,1,227042802,227142802
"rs3746414","20",50769379,50769379,1,50719379,50819379
"rs6091540","20",51087862,51087862,1,51037862,51137862
"rs909334","20",62270930,62270930,1,62220930,62320930
"rs2836754","21",40291740,40291740,1,40241740,40341740
"rs6517502","21",40392603,40392603,1,40342603,40442603
"rs6804842","3",25106437,25106437,1,25056437,25156437
"rs2365389","3",61236462,61236462,1,61186462,61286462
"rs1107043","3",61838409,61838409,1,61788409,61888409
"rs2107561","3",61993536,61993536,1,61943536,62043536
"rs3849570","3",81792112,81792112,1,81742112,81842112
"rs1969433","3",81968869,81968869,1,81918869,82018869
"rs4856560","3",85112271,85112271,1,85062271,85162271
"rs13078807","3",85884150,85884150,1,85834150,85934150
"rs16851483","3",141275436,141275436,1,141225436,141325436
"rs6443696","3",180129992,180129992,1,180079992,180179992
"rs10049246","3",185686741,185686741,1,185636741,185736741
"rs1516725","3",185824004,185824004,1,185774004,185874004
"rs9816226","3",185834499,185834499,1,185784499,185884499
"rs2193587","3",185990096,185990096,1,185940096,186040096
"rs1544702","3",186036453,186036453,1,185986453,186086453
"rs990356","4",44624156,44624156,1,44574156,44674156
"rs12499960","4",44687401,44687401,1,44637401,44737401
"rs10938397","4",45182527,45182527,1,45132527,45232527
"rs17001654","4",77129568,77129568,1,77079568,77179568
"rs10025494","4",77189380,77189380,1,77139380,77239380
"rs3733249","4",77227485,77227485,1,77177485,77277485
"rs10516487","4",102751076,102751076,1,102701076,102801076
"rs13107325","4",103188709,103188709,1,103138709,103238709
"rs11727676","4",145659064,145659064,1,145609064,145709064
"rs10032067","4",145978910,145978910,1,145928910,146028910
"rs16891982","5",33951693,33951693,1,33901693,34001693
"rs3213801","5",74877266,74877266,1,74827266,74927266
"rs1018119","5",74886384,74886384,1,74836384,74936384
"rs7717355","5",74951901,74951901,1,74901901,75001901
"rs253414","5",74956517,74956517,1,74906517,75006517
"rs2112347","5",75015242,75015242,1,74965242,75065242
"rs3093816","5",86697387,86697387,1,86647387,86747387
"rs261967","5",95850250,95850250,1,95800250,95900250
"rs27037","5",96094694,96094694,1,96044694,96144694
"rs4836133","5",124332103,124332103,1,124282103,124382103
"rs7715256","5",153537893,153537893,1,153487893,153587893
"rs746720","6",20417976,20417976,1,20367976,20467976
"rs744143","6",20418718,20418718,1,20368718,20468718
"rs2206734","6",20694884,20694884,1,20644884,20744884
"rs206936","6",34302869,34302869,1,34252869,34352869
"rs205283","6",34553048,34553048,1,34503048,34603048
"rs205262","6",34563164,34563164,1,34513164,34613164
"rs6938239","6",34683635,34683635,1,34633635,34733635
"rs2033529","6",40348653,40348653,1,40298653,40398653
"rs760899","6",50693607,50693607,1,50643607,50743607
"rs987237","6",50803050,50803050,1,50753050,50853050
"rs2274776","6",108840870,108840870,1,108790870,108890870
"rs9400239","6",108977663,108977663,1,108927663,109027663
"rs9374842","6",120185665,120185665,1,120135665,120235665
"rs13201877","6",137675541,137675541,1,137625541,137725541
"rs13191362","6",163033350,163033350,1,162983350,163083350
"rs1333955","6",163213454,163213454,1,163163454,163263454
"rs1167818","7",75147065,75147065,1,75097065,75197065
"rs1167827","7",75163169,75163169,1,75113169,75213169
"rs722263","7",92886812,92886812,1,92836812,92936812
"rs12154667","7",93178802,93178802,1,93128802,93228802
"rs9641123","7",93197732,93197732,1,93147732,93247732
"rs12026","7",95041016,95041016,1,94991016,95091016
"rs6465468","7",95169514,95169514,1,95119514,95219514
"rs17405819","8",76806584,76806584,1,76756584,76856584
"rs16907751","8",81375457,81375457,1,81325457,81425457
"rs2033732","8",85079709,85079709,1,85029709,85129709
"rs4740619","9",15634326,15634326,1,15584326,15684326
"rs3739715","9",16435714,16435714,1,16385714,16485714
"rs10968576","9",28414339,28414339,1,28364339,28464339
"rs320938","9",28863176,28863176,1,28813176,28913176
"rs1180079","9",72863993,72863993,1,72813993,72913993
"rs11142387","9",72998332,72998332,1,72948332,73048332
"rs6477694","9",111932342,111932342,1,111882342,111982342
"rs1928295","9",120378483,120378483,1,120328483,120428483
"rs4557799","9",129310775,129310775,1,129260775,129360775
"rs10733682","9",129460914,129460914,1,129410914,129510914
"rs873837","9",129567832,129567832,1,129517832,129617832
"rs1167818","HG1257_PATCH",74982696,74982696,1,74932696,75032696
"rs1167827","HG1257_PATCH",74998805,74998805,1,74948805,75048805
